City_ID,City,Country,Date,Lat,Lng,Max Temp,Humidity,Cloudiness,Wind Speed,Weather Description
0,Urgut,UZ,2021-10-22 18:51:41,39.4022,67.2431,37.02,63,38,2.42,scattered clouds
1,Husavik,IS,2021-10-22 18:51:41,66.0449,-17.3389,33.71,92,100,7.07,light snow
2,Pir,RO,2021-10-22 18:51:42,47.4667,22.3667,55.51,70,100,5.1,overcast clouds
3,Marawi,PH,2021-10-22 18:49:27,7.9986,124.2928,67.64,94,100,1.16,overcast clouds
4,Hithadhoo,MV,2021-10-22 18:51:43,-0.6,73.0833,81.37,75,28,8.25,scattered clouds
5,Chokurdakh,RU,2021-10-22 18:49:43,70.6333,147.9167,-13.74,99,99,2.53,overcast clouds
6,Vao,NC,2021-10-22 18:51:43,-22.6667,167.4833,72.43,80,0,1.43,clear sky
7,Sao Filipe,CV,2021-10-22 18:51:44,14.8961,-24.4956,82.81,60,0,8.32,clear sky
8,Kodiak,US,2021-10-22 18:51:44,57.79,-152.4072,42.31,61,90,16.11,overcast clouds
9,Kirksville,US,2021-10-22 18:50:52,40.1948,-92.5833,55.06,54,1,1.01,clear sky
10,Greytown,ZA,2021-10-22 18:51:45,-29.0642,30.5928,58.82,79,1,4.18,clear sky
11,Qaanaaq,GL,2021-10-22 18:49:18,77.484,-69.3632,-1.73,67,0,9.06,clear sky
12,Chuy,UY,2021-10-22 18:51:45,-33.6971,-53.4616,69.53,51,21,8.57,few clouds
13,Ushuaia,AR,2021-10-22 18:47:29,-54.8,-68.3,49.66,46,40,19.57,scattered clouds
14,Harper,LR,2021-10-22 18:51:46,4.375,-7.7169,77.25,89,100,8.1,light rain
15,Busselton,AU,2021-10-22 18:51:47,-33.65,115.3333,48.09,78,4,7.47,clear sky
16,Vardo,NO,2021-10-22 18:51:47,70.3705,31.1107,30.18,93,90,19.57,light shower snow
17,Albany,US,2021-10-22 18:51:47,42.6001,-73.9662,62.47,66,99,1.01,overcast clouds
18,Cabo San Lucas,MX,2021-10-22 18:50:45,22.8909,-109.9124,90.52,65,0,1.01,clear sky
19,Saint Anthony,US,2021-10-22 18:51:48,45.0205,-93.218,50.83,53,1,1.99,clear sky
20,Cape Town,ZA,2021-10-22 18:51:42,-33.9258,18.4232,61.27,78,75,5.99,moderate rain
21,Tiksi,RU,2021-10-22 18:51:49,71.6872,128.8694,3.7,99,100,3.13,overcast clouds
22,Tuktoyaktuk,CA,2021-10-22 18:51:49,69.4541,-133.0374,26.6,93,90,4.61,overcast clouds
23,Flinders,AU,2021-10-22 18:50:50,-34.5833,150.8552,59.81,87,4,1.01,clear sky
24,Port Alfred,ZA,2021-10-22 18:51:50,-33.5906,26.891,61.41,85,29,2.39,scattered clouds
25,Georgetown,MY,2021-10-22 18:48:12,5.4112,100.3354,78.89,91,40,5.99,thunderstorm
26,Port Macquarie,AU,2021-10-22 18:51:51,-31.4333,152.9167,59.9,100,40,0.0,scattered clouds
27,Vilhena,BR,2021-10-22 18:51:51,-12.7406,-60.1458,88.02,58,40,10.36,scattered clouds
28,Bluff,NZ,2021-10-22 18:49:56,-46.6,168.3333,49.19,80,100,3.96,overcast clouds
29,Rikitea,PF,2021-10-22 18:51:52,-23.1203,-134.9692,74.1,83,100,23.53,light rain
30,Avarua,CK,2021-10-22 18:51:52,-21.2078,-159.775,75.25,53,75,3.44,broken clouds
31,Bethel,US,2021-10-22 18:51:11,41.3712,-73.414,70.81,62,40,10.36,scattered clouds
32,Kruisfontein,ZA,2021-10-22 18:51:52,-34.0033,24.7314,58.89,88,94,2.55,overcast clouds
33,Malangali,TZ,2021-10-22 18:51:53,-8.5667,34.85,69.78,54,82,11.39,broken clouds
34,Kavieng,PG,2021-10-22 18:51:53,-2.5744,150.7967,80.01,78,100,6.76,overcast clouds
35,Sayyan,YE,2021-10-22 18:51:54,15.1718,44.3244,58.64,38,18,10.87,few clouds
36,Constitucion,CL,2021-10-22 18:48:10,-35.3333,-72.4167,57.83,59,0,20.58,clear sky
37,Hobart,AU,2021-10-22 18:51:54,-42.8794,147.3294,57.11,94,90,17.27,moderate rain
38,Hilo,US,2021-10-22 18:48:39,19.7297,-155.09,81.28,70,1,4.61,clear sky
39,Batagay-Alyta,RU,2021-10-22 18:51:55,67.8006,130.4114,6.06,97,100,2.17,overcast clouds
40,Nikolskoye,RU,2021-10-22 18:49:49,59.7035,30.7861,47.88,65,100,17.38,light rain
41,Vanavara,RU,2021-10-22 18:51:55,60.34,102.2797,34.03,83,78,6.38,broken clouds
42,Vaini,TO,2021-10-22 18:48:47,-21.2,-175.2,69.96,88,40,8.05,scattered clouds
43,Ust-Nera,RU,2021-10-22 18:51:56,64.5667,143.2,5.88,98,96,3.0,overcast clouds
44,Bijie,CN,2021-10-22 18:51:57,27.3125,105.2942,43.03,94,99,1.86,overcast clouds
45,Kapaa,US,2021-10-22 18:51:57,22.0752,-159.319,77.32,90,40,1.99,light rain
46,Adelaide,AU,2021-10-22 18:51:57,-34.9333,138.6,56.48,84,75,5.75,broken clouds
47,Sobolevo,RU,2021-10-22 18:51:58,54.4299,31.8996,43.36,67,95,14.81,overcast clouds
48,Lagoa,PT,2021-10-22 18:51:58,39.05,-27.9833,68.43,79,100,13.69,overcast clouds
49,Bredasdorp,ZA,2021-10-22 18:49:50,-34.5322,20.0403,63.28,55,100,14.97,overcast clouds
50,Guerrero Negro,MX,2021-10-22 18:49:35,27.9769,-114.0611,74.57,61,1,14.63,clear sky
51,Punta Arenas,CL,2021-10-22 18:47:34,-53.15,-70.9167,46.51,61,75,39.12,broken clouds
52,Puerto Ayora,EC,2021-10-22 18:51:59,-0.7393,-90.3518,78.76,81,78,9.8,broken clouds
53,Trabzon,TR,2021-10-22 18:52:00,40.9167,39.8333,57.29,48,0,2.3,clear sky
54,Awash,ET,2021-10-22 18:52:00,8.9833,40.1667,81.27,30,97,4.76,overcast clouds
55,Kaeo,NZ,2021-10-22 18:52:01,-35.1,173.7833,59.32,97,100,19.3,overcast clouds
56,Sokoni,TZ,2021-10-22 18:52:01,-6.4333,39.55,77.94,77,8,12.97,clear sky
57,Los Llanos De Aridane,ES,2021-10-22 18:51:52,28.6585,-17.9182,69.55,62,20,8.01,few clouds
58,Geraldton,AU,2021-10-22 18:52:02,-28.7667,114.6,54.01,94,0,10.36,clear sky
59,Benicarlo,ES,2021-10-22 18:52:02,40.4165,0.4271,63.55,67,100,1.19,overcast clouds
60,Clyde River,CA,2021-10-22 18:52:03,70.4692,-68.5914,26.83,80,90,8.05,overcast clouds
61,Sarahan,IN,2021-10-22 18:52:03,31.5167,77.8,49.35,48,22,5.57,few clouds
62,Atuona,PF,2021-10-22 18:52:03,-9.8,-139.0333,77.61,79,17,19.17,few clouds
63,Tiznit,MA,2021-10-22 18:52:04,29.5833,-9.5,63.39,80,0,3.51,clear sky
64,Ponta Do Sol,PT,2021-10-22 18:52:04,32.6667,-17.1,72.23,59,29,6.67,scattered clouds
65,Puhja,EE,2021-10-22 18:52:05,58.3419,26.3147,42.84,75,9,11.88,clear sky
66,Kilcullen,IE,2021-10-22 18:52:05,53.1303,-6.7444,50.67,88,44,5.91,scattered clouds
67,Mbekenyera,TZ,2021-10-22 18:52:05,-10.0,38.9833,71.47,83,6,4.52,clear sky
68,Margate,GB,2021-10-22 18:52:06,51.3813,1.3862,53.69,74,100,1.01,overcast clouds
69,Pailon,BO,2021-10-22 18:52:06,-17.65,-62.75,96.48,20,5,14.63,clear sky
70,Katsuura,JP,2021-10-22 18:51:07,35.1333,140.3,55.51,83,48,14.29,scattered clouds
71,Tupik,RU,2021-10-22 18:52:07,54.4253,119.9327,31.51,77,8,3.44,clear sky
72,Saint-Augustin,CA,2021-10-22 18:52:07,51.226,-58.6502,46.8,50,100,5.7,overcast clouds
73,Ushtobe,KZ,2021-10-22 18:52:08,45.2514,77.9838,39.97,57,98,1.79,overcast clouds
74,Hermanus,ZA,2021-10-22 18:49:50,-34.4187,19.2345,63.81,77,100,25.64,light rain
75,Dikson,RU,2021-10-22 18:51:53,73.5069,80.5464,16.0,83,100,14.27,overcast clouds
76,Cam Ranh,VN,2021-10-22 18:52:09,11.9214,109.1591,76.96,88,20,4.61,few clouds
77,Pacific Grove,US,2021-10-22 18:52:09,36.6177,-121.9166,62.76,90,90,1.99,overcast clouds
78,Dicabisagan,PH,2021-10-22 18:52:10,17.0818,122.4157,76.87,89,41,5.44,scattered clouds
79,Carnarvon,AU,2021-10-22 18:52:10,-24.8667,113.6333,68.07,77,0,13.8,clear sky
80,Lorengau,PG,2021-10-22 18:52:11,-2.0226,147.2712,80.91,76,99,8.55,overcast clouds
81,Upernavik,GL,2021-10-22 18:52:11,72.7868,-56.1549,19.11,91,100,10.71,overcast clouds
82,Mahebourg,MU,2021-10-22 18:52:11,-20.4081,57.7,75.25,83,75,6.91,broken clouds
83,Kampene,CD,2021-10-22 18:52:12,-3.6,26.6667,68.36,98,100,1.57,overcast clouds
84,Duvan,RU,2021-10-22 18:52:12,55.695,57.9024,44.76,87,100,18.01,light rain
85,Norman Wells,CA,2021-10-22 18:52:13,65.282,-126.8329,41.04,70,75,18.41,broken clouds
86,Rongcheng,CN,2021-10-22 18:52:13,30.634,117.8517,49.91,81,15,3.56,light rain
87,Mataura,NZ,2021-10-22 18:52:13,-46.1927,168.8643,48.56,83,100,1.43,overcast clouds
88,Moree,AU,2021-10-22 18:52:14,-29.4667,149.85,62.62,88,6,11.5,clear sky
89,Tabou,CI,2021-10-22 18:52:14,4.423,-7.3528,77.0,90,100,7.58,light rain
90,Thaba-Tseka,LS,2021-10-22 18:52:15,-29.522,28.6084,47.28,47,9,5.66,clear sky
91,Fukue,JP,2021-10-22 18:52:15,32.6881,128.8419,63.79,64,67,22.97,broken clouds
92,Thompson,CA,2021-10-22 18:49:41,55.7435,-97.8558,32.16,80,90,5.75,overcast clouds
93,Saint George,US,2021-10-22 18:52:16,37.1041,-113.5841,79.27,30,100,1.01,overcast clouds
94,Warwick,US,2021-10-22 18:49:14,41.7001,-71.4162,73.78,61,75,10.36,broken clouds
95,Grand Gaube,MU,2021-10-22 18:52:16,-20.0064,57.6608,75.38,78,87,3.0,overcast clouds
96,Tangshan,CN,2021-10-22 18:48:47,39.6333,118.1833,45.63,52,6,3.69,clear sky
97,Bathsheba,BB,2021-10-22 18:50:13,13.2167,-59.5167,86.61,66,40,23.02,scattered clouds
98,Gvarv,NO,2021-10-22 18:52:18,59.3875,9.1737,49.26,57,0,9.26,clear sky
99,New Norfolk,AU,2021-10-22 18:52:18,-42.7826,147.0587,56.75,85,100,1.28,moderate rain
100,Tasiilaq,GL,2021-10-22 18:48:58,65.6145,-37.6368,35.76,83,100,9.95,light rain
101,Santa Rosa,PH,2021-10-22 18:52:19,14.3122,121.1114,81.1,82,82,6.89,broken clouds
102,Faanui,PF,2021-10-22 18:52:19,-16.4833,-151.75,78.8,77,59,8.99,broken clouds
103,Shivrajpur,IN,2021-10-22 18:52:20,22.4167,73.65,71.89,62,0,3.62,clear sky
104,Leningradskiy,RU,2021-10-22 18:52:20,69.3833,178.4167,1.31,89,20,7.87,few clouds
105,Karratha,AU,2021-10-22 18:52:21,-20.7377,116.8463,79.2,40,5,4.7,clear sky
106,Fortuna,US,2021-10-22 18:49:02,40.5982,-124.1573,60.98,63,20,5.99,few clouds
107,Cidreira,BR,2021-10-22 18:52:21,-30.1811,-50.2056,69.31,69,2,10.09,clear sky
108,Norden,DE,2021-10-22 18:52:21,53.6,7.2,47.95,72,98,23.69,overcast clouds
109,Angoche,MZ,2021-10-22 18:52:22,-16.2325,39.9086,73.9,67,0,6.87,clear sky
110,Victoria Point,AU,2021-10-22 18:52:22,-27.5833,153.3,71.91,92,33,3.0,scattered clouds
111,Herrin,US,2021-10-22 18:50:14,37.8031,-89.0276,55.35,71,90,6.91,overcast clouds
112,Cockburn Town,TC,2021-10-22 18:52:23,21.4612,-71.1419,84.16,70,40,10.36,scattered clouds
113,Butaritari,KI,2021-10-22 18:52:23,3.0707,172.7902,81.99,79,100,17.96,light rain
114,Ribnitz-Damgarten,DE,2021-10-22 18:52:24,54.25,12.4667,50.11,68,9,27.47,clear sky
115,Kuruman,ZA,2021-10-22 18:52:24,-27.4524,23.4325,64.22,26,0,8.21,clear sky
116,Pimenteiras,BR,2021-10-22 18:52:25,-6.2453,-41.4192,90.37,40,98,2.91,overcast clouds
117,Verkhniye Achaluki,RU,2021-10-22 18:52:25,43.3469,44.6975,39.65,93,0,6.71,mist
118,Torbay,CA,2021-10-22 18:52:26,47.6666,-52.7314,54.39,70,75,14.97,broken clouds
119,Voskresenskoye,RU,2021-10-22 18:52:26,56.8381,45.4317,47.01,73,14,14.54,few clouds
120,Yellowknife,CA,2021-10-22 18:52:26,62.456,-114.3525,43.41,69,40,14.97,scattered clouds
121,Saldanha,ZA,2021-10-22 18:50:22,-33.0117,17.9442,60.85,77,100,24.25,light rain
122,Camana,PE,2021-10-22 18:52:27,-16.6228,-72.7111,65.86,70,52,8.52,broken clouds
123,Olinda,BR,2021-10-22 18:51:59,-8.0089,-34.8553,83.93,70,20,11.5,few clouds
124,Lander,US,2021-10-22 18:52:28,42.833,-108.7307,63.81,45,1,5.75,clear sky
125,Pyaozerskiy,RU,2021-10-22 18:52:28,65.8333,31.1667,31.03,79,100,18.37,overcast clouds
126,Bilibino,RU,2021-10-22 18:52:29,68.0546,166.4372,-4.05,100,100,1.45,overcast clouds
127,Alexandria,EG,2021-10-22 18:50:48,31.2156,29.9553,73.36,60,40,9.22,scattered clouds
128,Bedesa,ET,2021-10-22 18:52:29,8.9,40.7833,66.43,47,80,6.35,broken clouds
129,Nevelsk,RU,2021-10-22 18:52:30,46.6733,141.8633,23.43,72,3,2.3,clear sky
130,Havelock,US,2021-10-22 18:52:30,34.8791,-76.9013,82.4,74,40,8.99,scattered clouds
131,Takoradi,GH,2021-10-22 18:52:03,4.8845,-1.7554,77.11,89,100,9.95,overcast clouds
132,Ribeira Grande,PT,2021-10-22 18:52:31,38.5167,-28.7,72.0,73,20,9.22,few clouds
133,Collecchio,IT,2021-10-22 18:52:31,44.754,10.2184,59.36,99,0,3.91,clear sky
134,Santana Do Livramento,BR,2021-10-22 18:52:32,-30.8908,-55.5328,74.17,50,0,7.74,clear sky
135,Fort Nelson,CA,2021-10-22 18:52:32,58.8053,-122.7002,38.79,81,90,5.75,overcast clouds
136,Saint-Philippe,RE,2021-10-22 18:49:38,-21.3585,55.7679,74.79,82,24,7.38,few clouds
137,Ravar,IR,2021-10-22 18:52:33,31.2656,56.8055,57.83,30,0,4.94,clear sky
138,Thinadhoo,MV,2021-10-22 18:51:43,0.5333,72.9333,83.01,69,45,9.13,scattered clouds
139,Barrow,US,2021-10-22 18:51:42,71.2906,-156.7887,28.42,86,90,3.44,overcast clouds
140,Talnakh,RU,2021-10-22 18:52:34,69.4865,88.3972,16.84,94,100,3.96,overcast clouds
141,Bowen,AU,2021-10-22 18:52:18,-20.0167,148.2333,71.82,82,76,11.65,broken clouds
142,Tshikapa,CD,2021-10-22 18:52:34,-6.4167,20.8,71.37,94,45,1.7,scattered clouds
143,Severo-Kurilsk,RU,2021-10-22 18:50:02,50.6789,156.125,37.22,80,98,10.31,overcast clouds
144,Santa Maria,BR,2021-10-22 18:51:53,-29.6842,-53.8069,79.9,44,0,10.36,clear sky
145,Port Elizabeth,ZA,2021-10-22 18:52:35,-33.918,25.5701,61.11,77,0,5.75,clear sky
146,Port Lincoln,AU,2021-10-22 18:52:36,-34.7333,135.8667,54.16,67,22,14.56,few clouds
147,Victoria,HK,2021-10-22 18:49:20,22.2855,114.1577,68.25,77,90,3.0,overcast clouds
148,Sena Madureira,BR,2021-10-22 18:52:17,-9.0656,-68.6569,91.33,47,100,3.38,overcast clouds
149,Kismayo,SO,2021-10-22 18:52:37,-0.3582,42.5454,78.1,82,30,10.38,scattered clouds
150,Mecca,SA,2021-10-22 18:52:37,21.4267,39.8261,85.06,46,6,4.54,clear sky
151,Bath,GB,2021-10-22 18:47:59,51.3779,-2.3591,53.76,83,13,4.79,few clouds
152,Pauini,BR,2021-10-22 18:52:38,-7.7136,-66.9764,85.5,64,100,3.47,overcast clouds
153,Sanming,CN,2021-10-22 18:52:38,26.2486,117.6186,56.8,94,100,3.0,overcast clouds
154,Yerbogachen,RU,2021-10-22 18:52:38,61.2767,108.0108,32.09,91,87,6.38,overcast clouds
155,Rawah,IQ,2021-10-22 18:52:39,34.4816,41.9093,71.82,23,0,6.64,clear sky
156,Kaitangata,NZ,2021-10-22 18:52:39,-46.2817,169.8464,47.88,91,100,2.44,overcast clouds
157,Henties Bay,NA,2021-10-22 18:52:40,-22.116,14.2845,61.86,87,0,6.6,clear sky
158,Sukhumi,GE,2021-10-22 18:52:40,43.0033,41.0153,58.32,56,0,4.94,clear sky
159,Nanortalik,GL,2021-10-22 18:52:40,60.1432,-45.2371,38.86,97,100,2.28,light rain
160,Ambanja,MG,2021-10-22 18:52:41,-13.6833,48.45,75.15,88,90,1.97,overcast clouds
161,Saskylakh,RU,2021-10-22 18:48:41,71.9167,114.0833,-2.65,100,94,2.84,overcast clouds
162,Presidencia Roque Saenz Pena,AR,2021-10-22 18:52:42,-26.7852,-60.4388,90.68,26,33,9.57,scattered clouds
163,Neryungri,RU,2021-10-22 18:52:42,56.6709,124.6491,24.91,89,98,2.95,overcast clouds
164,Provideniya,RU,2021-10-22 18:50:33,64.3833,-173.3,24.55,67,100,11.48,overcast clouds
165,Minab,IR,2021-10-22 18:52:43,27.1467,57.0801,78.3,36,0,4.99,clear sky
166,Dajal,PK,2021-10-22 18:52:43,29.5577,70.3762,81.23,16,0,7.23,clear sky
167,Gravdal,NO,2021-10-22 18:52:43,68.1214,13.5031,39.7,53,100,12.28,overcast clouds
168,Belyy Yar,RU,2021-10-22 18:52:44,53.6039,91.3903,40.89,81,75,8.95,light rain
169,Nome,US,2021-10-22 18:52:44,64.5011,-165.4064,34.16,64,75,11.5,broken clouds
170,Cherskiy,RU,2021-10-22 18:50:24,68.75,161.3,-1.08,99,100,2.55,overcast clouds
171,Planaltina,BR,2021-10-22 18:52:45,-15.4528,-47.6142,77.29,66,78,3.83,broken clouds
172,Esso,RU,2021-10-22 18:52:45,55.9333,158.7,13.06,97,91,5.21,overcast clouds
173,Lebu,CL,2021-10-22 18:50:04,-37.6167,-73.65,54.03,68,6,20.58,clear sky
174,Castro,BR,2021-10-22 18:52:46,-24.7911,-50.0119,73.27,44,2,2.82,clear sky
175,San Luis,AR,2021-10-22 18:52:46,-33.295,-66.3356,72.73,45,44,20.11,scattered clouds
176,Esna,EG,2021-10-22 18:52:47,25.2934,32.554,77.02,34,0,12.73,clear sky
177,Muros,ES,2021-10-22 18:52:47,42.7762,-9.0603,59.09,74,0,12.15,clear sky
178,Guadalupe,MX,2021-10-22 18:50:00,25.6833,-100.25,89.4,77,99,8.59,light rain
179,Necochea,AR,2021-10-22 18:51:10,-38.5473,-58.7368,57.04,79,100,8.75,light rain
180,Austin,US,2021-10-22 18:50:02,30.2672,-97.7431,88.32,60,40,1.99,scattered clouds
181,Jumla,NP,2021-10-22 18:52:48,29.2747,82.1838,49.98,89,10,3.29,clear sky
182,Arraial Do Cabo,BR,2021-10-22 18:49:03,-22.9661,-42.0278,76.96,64,0,13.8,clear sky
183,Mathbaria,BD,2021-10-22 18:52:49,22.2876,89.9593,74.35,82,20,1.21,few clouds
184,Bengkulu,ID,2021-10-22 18:52:49,-3.8004,102.2655,75.69,89,100,3.33,overcast clouds
185,Te Anau,NZ,2021-10-22 18:52:50,-45.4167,167.7167,47.37,91,100,0.67,overcast clouds
186,Macherla,IN,2021-10-22 18:52:50,16.4833,79.4333,74.68,73,13,2.62,few clouds
187,Vila,PT,2021-10-22 18:52:51,42.0304,-8.1588,53.33,79,0,3.98,clear sky
188,Snasa,NO,2021-10-22 18:52:52,64.2457,12.3778,24.35,93,94,1.86,overcast clouds
189,Urdoma,RU,2021-10-22 18:52:52,61.7533,48.5442,38.91,87,13,8.14,few clouds
190,Kirovskiy,RU,2021-10-22 18:52:52,45.0917,133.5136,32.43,74,5,3.27,clear sky
191,San Quintin,MX,2021-10-22 18:52:53,30.4833,-115.95,69.1,68,0,16.26,clear sky
192,Sioux Lookout,CA,2021-10-22 18:52:53,50.1001,-91.917,41.07,81,90,8.05,mist
193,Anamur,TR,2021-10-22 18:51:10,36.0751,32.8369,69.28,45,0,8.12,clear sky
194,Khorol,UA,2021-10-22 18:52:54,49.7837,33.2783,51.75,57,19,3.67,few clouds
195,Viedma,AR,2021-10-22 18:50:55,-40.8135,-62.9967,64.83,24,1,13.09,clear sky
196,Hofn,IS,2021-10-22 18:52:54,64.2539,-15.2082,35.62,93,90,9.22,moderate rain
197,Mmabatho,ZA,2021-10-22 18:52:55,-25.85,25.6333,69.76,24,0,5.75,clear sky
198,Visby,SE,2021-10-22 18:52:55,57.6409,18.296,47.86,56,9,21.12,clear sky
199,Biltine,TD,2021-10-22 18:52:56,14.5333,20.9167,88.93,19,55,12.88,broken clouds
200,Bandarbeyla,SO,2021-10-22 18:52:56,9.4942,50.8122,78.28,76,93,9.35,overcast clouds
201,Qesarya,IL,2021-10-22 18:52:56,32.5189,34.9046,74.23,63,0,11.5,clear sky
202,Broome,US,2021-10-22 18:49:55,42.2506,-75.833,55.56,69,90,3.0,overcast clouds
203,Roald,NO,2021-10-22 18:52:57,62.5833,6.1333,47.91,66,75,16.11,broken clouds
204,Ancud,CL,2021-10-22 18:52:57,-41.8697,-73.8203,58.42,58,29,14.38,scattered clouds
205,Konevo,RU,2021-10-22 18:52:58,62.1215,39.3192,40.66,86,100,11.43,overcast clouds
206,Shimoda,JP,2021-10-22 18:52:58,34.6667,138.95,53.1,82,44,7.47,scattered clouds
207,Hoopstad,ZA,2021-10-22 18:52:59,-27.8327,25.9083,64.36,24,0,6.17,clear sky
208,Mareeba,AU,2021-10-22 18:49:39,-17.0,145.4333,72.32,95,100,2.26,overcast clouds
209,East London,ZA,2021-10-22 18:52:59,-33.0153,27.9116,61.74,77,0,4.61,clear sky
210,Luderitz,NA,2021-10-22 18:53:00,-26.6481,15.1594,57.04,89,0,7.43,clear sky
211,Luga,RU,2021-10-22 18:53:00,58.7372,29.8453,41.74,71,93,15.21,overcast clouds
212,Jamestown,US,2021-10-22 18:50:34,42.097,-79.2353,52.09,77,90,3.0,overcast clouds
213,Roma,US,2021-10-22 18:53:01,43.2128,-75.4557,54.43,70,100,1.01,overcast clouds
214,Machilipatnam,IN,2021-10-22 18:53:01,16.1667,81.1333,79.68,75,65,2.73,broken clouds
215,Panama City,PA,2021-10-22 18:52:25,8.9936,-79.5197,87.75,71,40,3.44,scattered clouds
216,Kualakapuas,ID,2021-10-22 18:53:02,-3.0091,114.3876,77.16,97,99,1.32,overcast clouds
217,Hambantota,LK,2021-10-22 18:53:02,6.1241,81.1185,75.54,100,20,1.14,few clouds
218,Dodoma,TZ,2021-10-22 18:52:30,-6.1722,35.7395,75.25,45,6,13.0,clear sky
219,Manaure,CO,2021-10-22 18:53:04,11.7751,-72.4445,89.94,54,2,17.36,clear sky
220,Erdenet,MN,2021-10-22 18:53:04,49.0333,104.0833,31.82,48,0,2.98,clear sky
221,Redlands,US,2021-10-22 18:52:15,34.0556,-117.1825,84.94,35,0,5.14,clear sky
222,Ketchikan,US,2021-10-22 18:53:05,55.3422,-131.6461,48.67,91,100,16.53,moderate rain
223,Skibbereen,IE,2021-10-22 18:53:06,51.55,-9.2667,48.0,78,99,12.37,overcast clouds
224,Lensk,RU,2021-10-22 18:53:06,60.7253,114.9278,35.62,86,43,9.66,scattered clouds
225,Cap-Aux-Meules,CA,2021-10-22 18:53:07,47.3821,-61.8597,60.85,88,75,13.8,broken clouds
226,Trairi,BR,2021-10-22 18:49:18,-3.2778,-39.2689,84.67,64,40,13.56,scattered clouds
227,Okhotsk,RU,2021-10-22 18:53:07,59.3833,143.3,20.19,90,100,14.63,overcast clouds
228,Sorong,ID,2021-10-22 18:53:08,-0.8833,131.25,77.88,84,100,5.7,overcast clouds
229,Mar Del Plata,AR,2021-10-22 18:53:09,-38.0023,-57.5575,59.09,89,90,1.01,moderate rain
230,Bonavista,CA,2021-10-22 18:53:09,48.6499,-53.1147,53.6,64,100,4.07,overcast clouds
231,Beringovskiy,RU,2021-10-22 18:53:10,63.05,179.3167,17.53,87,100,15.39,overcast clouds
232,Shingu,JP,2021-10-22 18:53:11,33.7333,135.9833,51.84,81,0,7.65,clear sky
233,Ajaccio,FR,2021-10-22 18:53:11,42.0,8.9167,60.85,77,0,5.75,clear sky
234,Vila Franca Do Campo,PT,2021-10-22 18:53:11,37.7167,-25.4333,70.21,73,58,4.74,broken clouds
235,San Patricio,US,2021-10-22 18:52:09,28.017,-97.5169,88.05,48,99,5.35,overcast clouds
236,Quatre Cocos,MU,2021-10-22 18:50:24,-20.2078,57.7625,75.09,77,94,8.97,overcast clouds
237,Saint-Louis,SN,2021-10-22 18:53:13,16.3333,-15.0,94.64,9,100,9.64,overcast clouds
238,Dandong,CN,2021-10-22 18:53:13,40.1292,124.3947,40.87,65,0,5.3,clear sky
239,Namibe,AO,2021-10-22 18:53:14,-15.1961,12.1522,66.25,71,0,15.88,clear sky
240,Jurado,CO,2021-10-22 18:53:14,7.1053,-77.7641,81.5,77,100,8.19,overcast clouds
241,Tura,IN,2021-10-22 18:53:15,25.5198,90.2201,65.34,78,1,3.74,clear sky
242,Svetlyy,RU,2021-10-22 18:53:15,54.675,20.1347,42.85,67,96,23.11,overcast clouds
243,Mayo,US,2021-10-22 18:50:40,38.8876,-76.5119,71.37,57,40,5.99,scattered clouds
244,Moron,AR,2021-10-22 18:49:45,-34.6534,-58.6198,75.06,60,90,5.99,moderate rain
245,Hobyo,SO,2021-10-22 18:53:16,5.3505,48.5268,79.7,82,19,13.49,few clouds
246,Keuruu,FI,2021-10-22 18:53:16,62.2667,24.7,33.94,97,100,11.83,light snow
247,Caravelas,BR,2021-10-22 18:50:10,-17.7125,-39.2481,75.42,80,99,8.55,overcast clouds
248,Kathmandu,NP,2021-10-22 18:50:36,27.7167,85.3167,64.62,94,75,5.75,broken clouds
249,Nuuk,GL,2021-10-22 18:51:58,64.1835,-51.7216,31.87,45,0,32.99,clear sky
250,Berezovka,BY,2021-10-22 18:53:17,53.7214,25.4993,46.54,59,100,19.15,overcast clouds
251,Puerto Ayacucho,VE,2021-10-22 18:53:18,5.6639,-67.6236,88.48,59,57,1.61,broken clouds
252,Utiel,ES,2021-10-22 18:53:18,39.5667,-1.2,56.23,79,34,4.43,scattered clouds
253,Tuatapere,NZ,2021-10-22 18:53:19,-46.1333,167.6833,50.47,77,100,3.47,overcast clouds
254,Lumding,IN,2021-10-22 18:53:19,25.7535,93.1732,66.61,98,34,0.65,scattered clouds
255,Padang,ID,2021-10-22 18:53:19,-0.9492,100.3543,77.31,88,98,3.85,overcast clouds
256,Gimli,CA,2021-10-22 18:53:20,50.6336,-96.9907,44.44,87,100,5.75,overcast clouds
257,Paamiut,GL,2021-10-22 18:50:17,61.994,-49.6678,35.51,70,66,13.8,broken clouds
258,Portland,US,2021-10-22 18:49:35,45.5234,-122.6762,55.81,93,90,3.0,overcast clouds
259,Tongliao,CN,2021-10-22 18:48:43,43.6125,122.2653,43.41,47,0,6.08,clear sky
260,Panaba,MX,2021-10-22 18:53:21,21.2833,-88.2667,88.81,56,63,8.63,broken clouds
261,Vestmannaeyjar,IS,2021-10-22 18:53:21,63.4427,-20.2734,43.79,100,90,33.38,moderate rain
262,Iqaluit,CA,2021-10-22 18:53:22,63.7506,-68.5145,26.33,79,75,18.01,broken clouds
263,Belmonte,BR,2021-10-22 18:53:22,-15.8631,-38.8828,78.8,78,94,11.72,overcast clouds
264,Bokoro,TD,2021-10-22 18:53:22,12.3807,17.0568,92.28,25,72,5.95,broken clouds
265,Xuzhou,CN,2021-10-22 18:53:23,34.1805,117.1571,52.14,59,100,5.48,light rain
266,Chicama,PE,2021-10-22 18:53:23,-7.8447,-79.1469,61.34,63,32,10.6,scattered clouds
267,Khatanga,RU,2021-10-22 18:53:24,71.9667,102.5,-4.95,100,94,3.71,overcast clouds
268,Yeppoon,AU,2021-10-22 18:53:24,-23.1333,150.7333,73.18,91,0,4.25,clear sky
269,Bow Island,CA,2021-10-22 18:53:25,49.8668,-111.3684,65.48,36,96,16.11,overcast clouds
270,Koumac,NC,2021-10-22 18:50:00,-20.5667,164.2833,70.52,86,1,4.59,clear sky
271,Birao,CF,2021-10-22 18:53:25,10.2849,22.7882,79.77,52,100,5.28,overcast clouds
272,Sitka,US,2021-10-22 18:51:18,57.0531,-135.33,51.69,76,90,18.41,moderate rain
273,Salinopolis,BR,2021-10-22 18:53:26,-0.6136,-47.3561,84.25,69,96,10.89,overcast clouds
274,Goksun,TR,2021-10-22 18:53:26,38.021,36.4973,48.61,40,0,2.46,clear sky
275,Constantine,DZ,2021-10-22 18:53:27,36.365,6.6147,67.41,45,40,8.05,scattered clouds
276,Muli,MV,2021-10-22 18:53:27,2.9167,73.5667,82.53,71,57,10.87,broken clouds
277,Katherine,AU,2021-10-22 18:51:21,-14.4667,132.2667,80.92,74,58,5.75,broken clouds
278,Oranjemund,NA,2021-10-22 18:53:28,-28.55,16.4333,58.57,80,4,13.65,clear sky
279,Porosozero,RU,2021-10-22 18:53:28,62.7191,32.727,37.15,97,100,8.93,overcast clouds
280,Bogandinskiy,RU,2021-10-22 18:53:28,56.8937,65.8938,37.67,96,100,13.24,light rain
281,Rossland,CA,2021-10-22 18:53:29,49.0831,-117.8022,48.9,86,100,1.63,overcast clouds
282,Pangnirtung,CA,2021-10-22 18:53:29,66.1451,-65.7125,26.6,93,40,9.22,scattered clouds
283,Coihaique,CL,2021-10-22 18:53:30,-45.5752,-72.0662,51.75,40,75,11.5,broken clouds
284,Pangai,TO,2021-10-22 18:53:30,-19.8,-174.35,75.31,60,20,14.97,few clouds
285,Sept-Iles,CA,2021-10-22 18:53:05,50.2001,-66.3821,47.05,96,90,10.0,mist
286,Totoral,PE,2021-10-22 18:53:30,-17.4053,-70.365,71.67,28,0,11.05,clear sky
287,Saint-Georges,GD,2021-10-22 18:51:40,12.0564,-61.7485,85.68,74,75,26.46,broken clouds
288,Lompoc,US,2021-10-22 18:52:14,34.6391,-120.4579,72.01,70,1,0.0,clear sky
289,Maragogi,BR,2021-10-22 18:50:36,-9.0122,-35.2225,81.46,74,6,12.8,clear sky
290,Pierre,US,2021-10-22 18:53:32,44.3683,-100.351,54.28,61,3,1.01,clear sky
291,La Ronge,CA,2021-10-22 18:53:32,55.1001,-105.2842,34.05,69,75,10.36,broken clouds
292,Abu Samrah,SY,2021-10-22 18:53:33,35.3029,37.1841,69.76,34,6,6.53,clear sky
293,Sinnamary,GF,2021-10-22 18:53:33,5.3833,-52.95,83.44,72,80,10.25,broken clouds
294,Pozo Colorado,PY,2021-10-22 18:53:33,-23.4923,-58.7972,98.17,25,0,5.88,clear sky
295,Sumbawanga,TZ,2021-10-22 18:53:34,-7.9667,31.6167,69.46,45,44,1.83,scattered clouds
296,Vilyuysk,RU,2021-10-22 18:53:34,63.7553,121.6247,31.42,96,100,6.82,overcast clouds
297,Airai,TL,2021-10-22 18:53:35,-8.9266,125.4092,62.65,74,100,2.24,overcast clouds
298,Kaspiyskiy,RU,2021-10-22 18:53:35,45.3929,47.3707,54.75,73,0,6.2,clear sky
299,Gizo,SB,2021-10-22 18:53:36,-8.103,156.8419,80.56,76,40,4.32,scattered clouds
300,Lat Yao,TH,2021-10-22 18:53:36,15.751,99.7893,74.17,96,100,4.27,overcast clouds
301,Narsaq,GL,2021-10-22 18:53:37,60.9167,-46.05,37.2,92,100,3.47,light rain
302,Safaga,EG,2021-10-22 18:53:37,26.7292,33.9365,77.76,45,0,14.63,clear sky
303,Bubaque,GW,2021-10-22 18:53:38,11.2833,-15.8333,82.89,78,78,11.81,light rain
304,Port Hardy,CA,2021-10-22 18:53:38,50.6996,-127.4199,53.78,71,75,10.36,broken clouds
305,Nazca,PE,2021-10-22 18:53:38,-14.8333,-74.95,83.84,26,0,9.24,clear sky
306,Labuhan,ID,2021-10-22 18:50:46,-6.8844,112.2051,80.31,77,100,5.44,overcast clouds
307,Carmen,MX,2021-10-22 18:51:52,18.6333,-91.8333,78.93,82,100,3.33,overcast clouds
308,Esperance,AU,2021-10-22 18:50:00,-33.8667,121.9,48.04,78,1,6.87,clear sky
309,Mugur-Aksy,RU,2021-10-22 18:53:39,50.35,90.5,24.08,70,100,5.53,overcast clouds
310,Ostrovnoy,RU,2021-10-22 18:53:40,68.0531,39.5131,34.39,68,100,27.02,overcast clouds
311,Luanda,AO,2021-10-22 18:49:50,-8.8368,13.2343,76.28,84,21,12.48,few clouds
312,Auki,SB,2021-10-22 18:53:40,-8.7676,160.7034,76.8,86,8,4.18,clear sky
313,Loudi,CN,2021-10-22 18:53:41,27.7344,111.9944,51.87,87,98,1.39,overcast clouds
314,Tautira,PF,2021-10-22 18:53:41,-17.7333,-149.15,80.62,86,99,19.19,light rain
315,Honningsvag,NO,2021-10-22 18:53:42,70.9821,25.9704,35.37,60,100,17.22,overcast clouds
316,Coos Bay,US,2021-10-22 18:49:58,43.3665,-124.2179,57.31,97,90,5.75,mist
317,Sao Joao Da Barra,BR,2021-10-22 18:50:24,-21.6403,-41.0511,77.09,70,10,10.98,clear sky
318,Lukovetskiy,RU,2021-10-22 18:53:42,64.2956,41.9211,30.18,98,100,5.99,snow
319,Kahului,US,2021-10-22 18:53:29,20.8947,-156.47,80.96,72,20,14.97,few clouds
320,Berlevag,NO,2021-10-22 18:50:22,70.8578,29.0864,33.75,64,75,18.41,light snow
321,Hailar,CN,2021-10-22 18:53:43,49.2,119.7,31.46,67,6,7.61,clear sky
322,Gurupi,BR,2021-10-22 18:53:44,-11.7292,-49.0686,81.21,70,100,0.16,heavy intensity rain
323,Port Hawkesbury,CA,2021-10-22 18:51:56,45.6169,-61.3485,70.92,84,90,5.01,overcast clouds
324,Aykhal,RU,2021-10-22 18:53:44,66.0,111.5,29.46,83,100,13.96,overcast clouds
325,Acapulco,MX,2021-10-22 18:49:32,16.8634,-99.8901,84.02,74,90,0.0,overcast clouds
326,Chumikan,RU,2021-10-22 18:53:45,54.7183,135.315,37.58,74,100,21.12,overcast clouds
327,Mosquera,CO,2021-10-22 18:49:01,4.7059,-74.2302,66.29,63,40,13.8,thunderstorm
328,Ardakan,IR,2021-10-22 18:53:45,32.31,54.0175,61.18,30,0,7.7,clear sky
329,Ponta Delgada,PT,2021-10-22 18:53:46,37.7333,-25.6667,70.52,68,40,8.05,scattered clouds
330,Acajutla,SV,2021-10-22 18:53:46,13.5928,-89.8275,84.78,69,20,6.58,few clouds
331,Port Blair,IN,2021-10-22 18:53:47,11.6667,92.75,80.08,83,100,3.04,overcast clouds
332,Dongsheng,CN,2021-10-22 18:53:47,39.8161,109.9776,38.03,46,7,8.68,clear sky
333,Tevaitoa,PF,2021-10-22 18:53:48,-16.7833,-151.5,78.57,78,62,9.48,broken clouds
334,Shitanjing,CN,2021-10-22 18:53:48,39.2342,106.3439,41.18,73,0,7.4,clear sky
335,Northfield,US,2021-10-22 18:53:48,44.4583,-93.1616,51.19,56,40,1.01,scattered clouds
336,Loreto,MX,2021-10-22 18:53:49,22.2667,-101.9667,71.1,43,0,7.43,clear sky
337,Ixtapa,MX,2021-10-22 18:50:29,20.7,-105.2,88.23,79,16,5.99,few clouds
338,Andilamena,MG,2021-10-22 18:53:50,-17.0167,48.5833,67.68,85,86,6.22,light rain
339,Kuopio,FI,2021-10-22 18:53:50,62.8924,27.677,35.55,87,90,12.66,overcast clouds
340,Adrar,MR,2021-10-22 18:53:50,20.5022,-10.0711,79.23,21,2,8.41,clear sky
341,Gisborne,NZ,2021-10-22 18:53:51,-38.6533,178.0042,47.95,75,100,4.59,overcast clouds
342,Pevek,RU,2021-10-22 18:53:51,69.7008,170.3133,12.61,92,100,7.85,light snow
343,Swift Current,CA,2021-10-22 18:52:09,50.2834,-107.8014,43.61,70,1,17.27,clear sky
344,Besikduzu,TR,2021-10-22 18:53:52,41.052,39.2284,62.49,56,0,5.61,clear sky
345,Sohag,EG,2021-10-22 18:53:33,26.557,31.6948,74.32,41,4,13.04,clear sky
346,Tinde,TZ,2021-10-22 18:53:53,-3.8833,33.2,79.41,48,96,2.95,overcast clouds
347,Mendeleyevo,RU,2021-10-22 18:53:53,56.0333,37.2167,45.63,61,0,22.37,clear sky
348,Candelaria,PH,2021-10-22 18:53:54,13.9311,121.4233,76.39,96,100,4.05,overcast clouds
349,Simao,CN,2021-10-22 18:53:54,22.7886,100.9748,59.85,99,100,2.21,overcast clouds
350,Kitimat,CA,2021-10-22 18:49:20,54.0524,-128.6534,48.58,100,100,3.98,light rain
351,Ilulissat,GL,2021-10-22 18:53:55,69.2167,-51.1,3.11,79,6,5.68,clear sky
352,Hovd,MN,2021-10-22 18:53:55,48.0056,91.6419,34.81,46,80,1.39,broken clouds
353,Komsomolskiy,UZ,2021-10-22 18:53:56,40.4272,71.7189,47.12,49,40,4.61,scattered clouds
354,Kibala,TD,2021-10-22 18:53:56,9.1104,18.3463,78.75,78,20,0.0,thunderstorm
355,Sar-E Pul,AF,2021-10-22 18:53:56,35.8333,66.1667,35.73,71,38,1.39,scattered clouds
356,Puerto Del Rosario,ES,2021-10-22 18:53:57,28.5004,-13.8627,73.15,68,40,17.27,scattered clouds
357,Neuquen,AR,2021-10-22 18:53:58,-38.9516,-68.0591,67.89,34,0,5.75,clear sky
358,Ibitinga,BR,2021-10-22 18:50:57,-21.7578,-48.8289,89.19,23,0,7.29,clear sky
359,Yabelo,ET,2021-10-22 18:53:58,4.8833,38.0833,63.45,68,51,8.84,broken clouds
360,Ambo,PE,2021-10-22 18:53:59,-10.1308,-76.2047,80.65,37,19,10.42,few clouds
361,Mpraeso,GH,2021-10-22 18:54:00,6.5932,-0.7346,71.35,96,94,3.18,overcast clouds
362,Camopi,GF,2021-10-22 18:54:00,3.1655,-52.3158,86.0,62,78,6.13,moderate rain
363,Kyela,TZ,2021-10-22 18:54:00,-9.5833,33.85,76.66,55,49,2.51,scattered clouds
364,Diebougou,BF,2021-10-22 18:54:01,10.9667,-3.25,80.19,61,78,2.53,light rain
365,Bahia Blanca,AR,2021-10-22 18:54:02,-38.7196,-62.2724,64.29,41,25,13.8,scattered clouds
366,Eureka,US,2021-10-22 18:53:54,40.8021,-124.1637,61.25,86,27,1.99,scattered clouds
367,Shurob,TJ,2021-10-22 18:54:02,40.0491,70.5489,35.58,69,97,1.88,overcast clouds
368,Klaksvik,FO,2021-10-22 18:52:01,62.2266,-6.589,41.92,64,44,10.51,scattered clouds
369,Wenshang,CN,2021-10-22 18:54:03,35.7275,116.4961,48.16,57,13,5.28,few clouds
370,Srednekolymsk,RU,2021-10-22 18:54:03,67.45,153.6833,-12.08,99,24,2.26,few clouds
371,Tezu,IN,2021-10-22 18:54:04,27.9167,96.1667,68.61,87,20,3.15,few clouds
372,Bagdarin,RU,2021-10-22 18:54:04,54.4333,113.6,29.89,71,76,2.46,broken clouds
373,Chabahar,IR,2021-10-22 18:54:05,25.2919,60.643,79.36,80,0,5.19,clear sky
374,Nhulunbuy,AU,2021-10-22 18:54:06,-12.2333,136.7667,81.21,83,99,6.91,overcast clouds
375,Thunder Bay,CA,2021-10-22 18:54:06,48.4001,-89.3168,46.29,63,75,12.66,broken clouds
376,Trento,IT,2021-10-22 18:54:07,46.0679,11.1211,58.96,83,5,1.19,clear sky
377,Saint Peter,BB,2021-10-22 18:54:07,13.25,-59.6167,84.76,71,28,22.59,scattered clouds
378,Cayenne,GF,2021-10-22 18:54:08,4.9333,-52.3333,86.04,79,75,3.0,broken clouds
379,Ryotsu,JP,2021-10-22 18:54:08,38.0833,138.4333,52.14,68,88,14.92,overcast clouds
380,Mandalgovi,MN,2021-10-22 18:54:08,45.7625,106.2708,34.41,35,93,6.69,overcast clouds
381,Salalah,OM,2021-10-22 18:49:14,17.0151,54.0924,78.89,69,0,2.3,clear sky
382,Kununurra,AU,2021-10-22 18:50:31,-15.7667,128.7333,80.58,89,5,3.44,clear sky
383,San Cristobal,VE,2021-10-22 18:54:09,7.7669,-72.225,80.78,48,12,5.95,few clouds
384,Joao Pinheiro,BR,2021-10-22 18:52:08,-17.7425,-46.1725,85.53,38,19,4.45,few clouds
385,Yulara,AU,2021-10-22 18:54:10,-25.2406,130.9889,71.44,33,0,14.97,clear sky
386,Xuddur,SO,2021-10-22 18:54:10,4.1213,43.8894,78.89,65,100,10.13,overcast clouds
387,Atar,MR,2021-10-22 18:54:11,20.5169,-13.0499,93.25,15,34,11.5,scattered clouds
388,Mokhsogollokh,RU,2021-10-22 18:54:11,61.4681,128.9203,29.44,89,100,5.88,overcast clouds
389,Praia,CV,2021-10-22 18:51:52,14.9215,-23.5087,86.54,58,0,16.11,clear sky
390,Luba,GQ,2021-10-22 18:54:12,3.4568,8.5547,76.89,83,100,4.72,overcast clouds
391,Toucheng,TW,2021-10-22 18:54:12,24.8592,121.8233,70.9,84,100,7.02,overcast clouds
392,Axim,GH,2021-10-22 18:52:50,4.8699,-2.2405,77.5,86,100,8.79,overcast clouds
393,Punta De Piedra,VE,2021-10-22 18:54:13,7.6176,-71.4916,84.43,72,48,2.77,scattered clouds
394,Aripuana,BR,2021-10-22 18:54:13,-9.1667,-60.6333,87.93,57,100,2.95,overcast clouds
395,Dingle,PH,2021-10-22 18:54:14,10.9995,122.6711,75.4,93,100,5.82,overcast clouds
396,Alofi,NU,2021-10-22 18:54:14,-19.0595,-169.9187,73.29,68,100,11.5,overcast clouds
397,Tetiyiv,UA,2021-10-22 18:54:15,49.3767,29.6647,53.26,57,99,6.87,overcast clouds
398,Pangoa,PE,2021-10-22 18:54:15,-12.1167,-73.0,94.93,33,8,4.94,clear sky
399,Sawakin,SD,2021-10-22 18:54:16,19.1059,37.3321,82.54,69,9,9.08,clear sky
400,Haines Junction,CA,2021-10-22 18:50:52,60.7522,-137.5108,31.95,86,100,2.3,overcast clouds
401,Beliator,IN,2021-10-22 18:54:17,23.3333,87.2167,73.29,70,2,3.31,clear sky
402,Buritis,BR,2021-10-22 18:54:17,-15.6178,-46.4233,88.2,42,66,0.56,broken clouds
403,Souillac,MU,2021-10-22 18:54:18,-20.5167,57.5167,75.36,83,75,6.91,broken clouds
404,Tequixquiac,MX,2021-10-22 18:49:29,19.9081,-99.1475,68.36,61,100,6.04,overcast clouds
405,Puerto Baquerizo Moreno,EC,2021-10-22 18:54:19,-0.9,-89.6,74.39,69,75,10.65,broken clouds
406,Yoichi,JP,2021-10-22 18:54:19,43.2039,140.7703,40.23,74,100,6.6,light rain
407,Katangli,RU,2021-10-22 18:54:19,51.7102,143.2326,32.49,80,97,16.71,overcast clouds
408,Chimichagua,CO,2021-10-22 18:54:20,9.2578,-73.8123,90.55,55,28,3.22,scattered clouds
409,Embonas,GR,2021-10-22 18:54:21,36.2269,27.8564,60.93,70,0,3.2,clear sky
410,Avanigadda,IN,2021-10-22 18:54:21,16.0215,80.9181,77.09,78,92,2.26,overcast clouds
411,Bayburt,TR,2021-10-22 18:54:22,40.2589,40.2278,46.09,51,0,0.89,clear sky
412,Port-Gentil,GA,2021-10-22 18:54:22,-0.7193,8.7815,78.76,83,90,10.36,overcast clouds
413,Nynashamn,SE,2021-10-22 18:54:23,58.9034,17.9479,43.16,66,98,15.32,overcast clouds
414,Aquiles Serdan,MX,2021-10-22 18:54:23,17.7833,-92.2833,85.01,85,82,2.24,broken clouds
415,Diamantino,BR,2021-10-22 18:54:23,-14.4086,-56.4461,88.29,54,100,5.75,moderate rain
416,Marshall,US,2021-10-22 18:54:24,34.3834,-86.3333,69.62,67,1,8.05,clear sky
417,Longyearbyen,SJ,2021-10-22 18:54:24,78.2186,15.6401,19.24,93,40,5.75,scattered clouds
418,Plouzane,FR,2021-10-22 18:54:25,48.3833,-4.6167,55.08,80,0,3.44,clear sky
419,Chapais,CA,2021-10-22 18:54:25,49.7834,-74.8492,35.38,74,100,9.64,overcast clouds
420,Jacqueville,CI,2021-10-22 18:54:26,5.2052,-4.4146,78.71,83,90,9.86,overcast clouds
421,Vestmanna,FO,2021-10-22 18:54:26,62.1564,-7.1664,40.12,81,75,9.22,broken clouds
422,Coahuayana,MX,2021-10-22 18:54:26,18.7333,-103.6833,90.59,60,100,5.86,overcast clouds
423,Catuday,PH,2021-10-22 18:54:27,16.2923,119.8062,78.22,82,89,7.54,overcast clouds
424,Hammerfest,NO,2021-10-22 18:54:27,70.6634,23.6821,28.85,80,40,8.05,light snow
425,San Andres,CO,2021-10-22 18:54:28,12.5847,-81.7006,89.62,66,40,11.5,scattered clouds
426,Tianpeng,CN,2021-10-22 18:54:28,30.9866,103.9393,55.87,87,100,2.82,overcast clouds
427,Huixtepec,MX,2021-10-22 18:54:28,16.6536,-98.305,74.64,93,100,3.27,overcast clouds
428,Campo Largo,BR,2021-10-22 18:54:29,-25.4586,-49.5283,75.65,48,1,2.75,clear sky
429,Alta Floresta,BR,2021-10-22 18:54:29,-9.8756,-56.0861,91.22,58,40,8.05,scattered clouds
430,Macomb,US,2021-10-22 18:54:30,40.4592,-90.6718,56.23,54,1,6.91,clear sky
431,Aklavik,CA,2021-10-22 18:50:58,68.2191,-135.0107,36.43,87,100,14.7,overcast clouds
432,La Brea,HN,2021-10-22 18:54:30,15.8,-85.9667,85.51,74,75,9.22,broken clouds
433,Kudahuvadhoo,MV,2021-10-22 18:54:31,2.6708,72.8944,82.4,70,35,10.0,scattered clouds
434,Kargil,IN,2021-10-22 18:54:31,34.5667,76.1,33.73,74,100,5.08,light rain
435,Sorland,NO,2021-10-22 18:51:36,67.667,12.6934,39.06,48,100,11.45,light rain
436,Oriximina,BR,2021-10-22 18:54:32,-1.7656,-55.8661,90.9,51,100,2.1,overcast clouds
437,Odweyne,SO,2021-10-22 18:54:32,9.4092,45.064,74.61,49,0,13.27,clear sky
438,Ouesso,CG,2021-10-22 18:54:33,1.6136,16.0517,73.09,92,98,0.94,overcast clouds
439,Sawtell,AU,2021-10-22 18:54:33,-30.3833,153.1,66.52,94,75,1.14,broken clouds
440,Huaihua,CN,2021-10-22 18:54:34,27.5494,109.9592,48.54,97,51,0.47,broken clouds
441,Baruun-Urt,MN,2021-10-22 18:54:34,46.6806,113.2792,31.71,49,0,8.28,clear sky
442,Fairbanks,US,2021-10-22 18:50:47,64.8378,-147.7164,30.6,89,90,0.0,overcast clouds
443,Olafsvik,IS,2021-10-22 18:49:49,64.8945,-23.7142,41.27,94,100,23.62,light rain
444,Salekhard,RU,2021-10-22 18:54:35,66.53,66.6019,27.25,97,98,7.83,light snow
445,Matara,LK,2021-10-22 18:54:35,5.9485,80.5353,78.91,79,19,6.46,few clouds
446,Havre-Saint-Pierre,CA,2021-10-22 18:54:36,50.2334,-63.5986,48.79,93,90,18.41,overcast clouds
447,Korla,CN,2021-10-22 18:54:36,41.7597,86.1469,58.1,22,100,13.38,overcast clouds
448,George,ZA,2021-10-22 18:54:36,-33.963,22.4617,63.95,63,0,6.91,clear sky
449,Storm Lake,US,2021-10-22 18:54:37,42.6411,-95.2097,42.04,93,20,4.61,few clouds
450,Merauke,ID,2021-10-22 18:52:39,-8.4667,140.3333,77.67,85,99,11.61,overcast clouds
451,Buchanan,LR,2021-10-22 18:54:37,5.8808,-10.0467,80.56,87,100,7.43,light rain
452,Mahibadhoo,MV,2021-10-22 18:54:38,3.7833,72.9667,82.09,71,17,12.1,few clouds
453,Aguimes,ES,2021-10-22 18:54:38,27.9054,-15.4461,70.66,74,75,14.97,broken clouds
454,Mobaye,CF,2021-10-22 18:54:39,4.319,21.1786,75.36,84,41,1.43,scattered clouds
455,Kyzyl-Suu,KG,2021-10-22 18:54:39,42.3414,78.0056,30.54,91,100,7.87,light snow
456,Houston,US,2021-10-22 18:54:37,29.7633,-95.3633,89.11,61,40,1.01,scattered clouds
457,Indiana,US,2021-10-22 18:54:40,40.0003,-86.2503,52.56,91,90,4.61,drizzle
458,Borba,BR,2021-10-22 18:52:16,-4.3878,-59.5939,89.26,54,98,0.34,overcast clouds
459,Poum,NC,2021-10-22 18:52:34,-20.2333,164.0167,73.35,78,12,8.05,few clouds
460,Cotonou,BJ,2021-10-22 18:49:48,6.3654,2.4183,82.38,83,40,13.8,light rain
461,Alvorada,BR,2021-10-22 18:54:40,-12.48,-49.1247,88.68,48,81,4.12,moderate rain
462,Vila Velha,BR,2021-10-22 18:53:37,-20.3297,-40.2925,73.35,78,75,8.05,broken clouds
463,Bambous Virieux,MU,2021-10-22 18:51:23,-20.3428,57.7575,75.22,83,75,6.91,broken clouds
464,Varhaug,NO,2021-10-22 18:54:42,58.6147,5.6457,45.95,64,21,32.06,few clouds
465,Soderhamn,SE,2021-10-22 18:54:43,61.3037,17.0592,40.03,72,97,10.58,overcast clouds
466,Atambua,ID,2021-10-22 18:54:43,-9.1061,124.8925,75.76,91,100,3.47,overcast clouds
467,Shache,CN,2021-10-22 18:54:43,38.4167,77.2406,52.07,40,100,8.12,overcast clouds
468,Ambulu,ID,2021-10-22 18:54:44,-8.345,113.6058,77.41,87,100,2.1,overcast clouds
469,Athni,IN,2021-10-22 18:54:44,16.7333,75.0667,76.06,54,40,3.49,scattered clouds
470,Plettenberg Bay,ZA,2021-10-22 18:54:45,-34.0527,23.3716,61.63,85,100,3.96,overcast clouds
471,Dukat,RU,2021-10-22 18:54:45,62.55,155.55,-7.04,85,95,0.76,overcast clouds
472,Warrnambool,AU,2021-10-22 18:54:45,-38.3833,142.4833,53.82,88,100,9.93,overcast clouds
473,Wanning,CN,2021-10-22 18:54:46,18.8003,110.3967,69.33,91,84,15.17,broken clouds
474,Benguela,AO,2021-10-22 18:54:46,-12.5763,13.4055,74.98,76,17,9.53,few clouds
475,San Jose,US,2021-10-22 18:53:59,37.3394,-121.895,64.49,84,100,1.01,overcast clouds
476,Mount Isa,AU,2021-10-22 18:54:47,-20.7333,139.5,73.17,64,58,18.41,light rain
477,Tucurui,BR,2021-10-22 18:52:19,-3.7661,-49.6725,83.82,68,100,1.21,overcast clouds
478,Termiz,UZ,2021-10-22 18:54:47,37.2242,67.2783,42.89,49,0,4.61,clear sky
479,Kieta,PG,2021-10-22 18:54:48,-6.2167,155.6333,76.89,85,68,4.61,light rain
480,College,US,2021-10-22 18:51:45,64.8569,-147.8028,30.58,87,75,0.0,broken clouds
481,Abha,SA,2021-10-22 18:54:49,18.2164,42.5053,66.02,24,0,5.75,clear sky
482,Saint-Joseph,RE,2021-10-22 18:54:49,-21.3667,55.6167,73.78,82,12,1.97,few clouds
483,Vanimo,PG,2021-10-22 18:52:35,-2.6741,141.3028,75.7,88,100,3.76,overcast clouds
484,Lazaro Cardenas,MX,2021-10-22 18:54:50,17.9583,-102.2,84.56,75,100,4.88,overcast clouds
485,Biskamzha,RU,2021-10-22 18:54:50,53.4497,89.5272,33.69,89,100,7.78,overcast clouds
486,Polunochnoye,RU,2021-10-22 18:54:50,60.8697,60.4153,38.35,97,100,6.04,overcast clouds
487,Celestun,MX,2021-10-22 18:54:51,20.8667,-90.4,82.76,70,100,10.87,overcast clouds
488,Ahualulco,MX,2021-10-22 18:54:51,22.4,-101.1667,71.82,47,12,11.07,few clouds
489,Haapiti,PF,2021-10-22 18:54:52,-17.5667,-149.8667,80.33,83,97,18.37,light rain
490,Namanyere,TZ,2021-10-22 18:54:52,-7.5167,31.05,71.2,52,95,2.53,overcast clouds
491,Petropavlovsk-Kamchatskiy,RU,2021-10-22 18:54:53,53.0452,158.6483,19.99,79,40,2.24,scattered clouds
492,Lata,PT,2021-10-22 18:54:53,40.1629,-8.3327,63.01,77,0,2.71,clear sky
493,Praya,CV,2021-10-22 18:51:40,14.9215,-23.5087,86.54,58,0,16.11,clear sky
494,Bac Lieu,VN,2021-10-22 18:54:53,9.285,105.7244,78.67,86,100,3.76,overcast clouds
495,Umm Lajj,SA,2021-10-22 18:54:54,25.0213,37.2685,79.75,65,0,11.77,clear sky
496,Nouadhibou,MR,2021-10-22 18:51:26,20.931,-17.0347,73.38,68,25,14.97,scattered clouds
497,Eirunepe,BR,2021-10-22 18:54:55,-6.6603,-69.8736,89.98,53,100,1.61,overcast clouds
498,Northam,GB,2021-10-22 18:54:55,51.0333,-4.2167,53.65,69,91,8.48,overcast clouds
499,Grand-Santi,GF,2021-10-22 18:54:55,4.25,-54.3833,86.22,60,100,3.69,overcast clouds
500,Leiyang,CN,2021-10-22 18:54:56,26.4024,112.8591,54.34,95,100,2.89,overcast clouds
501,Peer,BE,2021-10-22 18:54:56,51.1317,5.4568,50.0,91,90,2.3,overcast clouds
502,Sailana,IN,2021-10-22 18:54:57,23.4667,74.9167,68.99,57,0,4.61,clear sky
503,Muzhi,RU,2021-10-22 18:54:57,65.3667,64.6667,29.89,91,100,9.33,overcast clouds
504,Kautokeino,NO,2021-10-22 18:54:58,69.0125,23.0412,16.93,91,74,9.37,broken clouds
505,Namatanai,PG,2021-10-22 18:54:58,-3.6667,152.4333,77.56,80,98,5.77,overcast clouds
506,Zapolyarnyy,RU,2021-10-22 18:54:58,69.4154,30.8136,29.48,78,100,9.04,overcast clouds
507,Cap Malheureux,MU,2021-10-22 18:54:59,-19.9842,57.6142,75.47,78,85,1.99,overcast clouds
508,Tabas,IR,2021-10-22 18:54:59,33.5959,56.9244,58.03,25,0,5.64,clear sky
509,Emerald,AU,2021-10-22 18:55:00,-23.5333,148.1667,71.74,78,5,6.91,clear sky
510,Banda Aceh,ID,2021-10-22 18:55:00,5.5577,95.3222,79.57,81,100,2.8,overcast clouds
511,Baykit,RU,2021-10-22 18:55:01,61.67,96.37,40.86,89,100,8.37,overcast clouds
512,Boca Do Acre,BR,2021-10-22 18:55:01,-8.7522,-67.3978,89.91,53,100,3.44,overcast clouds
513,Iquique,CL,2021-10-22 18:53:35,-20.2208,-70.1431,62.64,67,11,5.7,few clouds
514,Apatity,RU,2021-10-22 18:55:02,67.5641,33.4031,24.98,85,99,8.21,overcast clouds
515,Udachnyy,RU,2021-10-22 18:55:03,66.4167,112.4,25.93,92,98,12.55,overcast clouds
516,Redmond,US,2021-10-22 18:54:58,47.674,-122.1215,57.99,88,100,1.01,overcast clouds
517,Dauriya,RU,2021-10-22 18:55:03,49.9333,116.8667,22.75,85,0,2.06,clear sky
518,Port Keats,AU,2021-10-22 18:55:04,-14.25,129.55,81.64,83,7,8.41,clear sky
519,Waynesville,US,2021-10-22 18:55:05,35.4887,-82.9887,68.5,63,100,1.99,overcast clouds
520,Taicheng,CN,2021-10-22 18:55:05,38.731,113.228,38.35,59,76,3.53,broken clouds
521,Baicheng,CN,2021-10-22 18:55:06,45.6167,122.8167,39.85,46,0,6.06,clear sky
522,Yuli,NG,2021-10-22 18:55:06,9.6989,10.2744,82.98,60,53,2.46,broken clouds
523,Xiaoweizhai,CN,2021-10-22 18:55:07,26.1903,107.5125,44.28,96,55,3.53,broken clouds
524,Sharan,RU,2021-10-22 18:55:07,54.8167,54.0,50.0,79,100,18.7,overcast clouds
525,Akdepe,TM,2021-10-22 18:55:08,42.0551,59.3788,44.6,33,8,8.81,clear sky
526,Troitsko-Pechorsk,RU,2021-10-22 18:55:08,62.7084,56.1964,44.89,91,100,11.86,overcast clouds
527,Pisco,PE,2021-10-22 18:54:46,-13.7,-76.2167,68.05,68,0,8.05,clear sky
528,Onufriyivka,UA,2021-10-22 18:55:09,48.9072,33.4487,56.82,55,100,5.03,overcast clouds
529,Richards Bay,ZA,2021-10-22 18:55:09,-28.783,32.0377,71.47,76,6,6.08,clear sky
530,Lethem,GY,2021-10-22 18:55:10,3.3803,-59.7968,84.25,79,40,11.5,scattered clouds
531,San Carlos,VE,2021-10-22 18:55:10,9.6612,-68.5827,89.22,47,91,1.34,overcast clouds
532,Moultrie,US,2021-10-22 18:55:11,31.1799,-83.7891,87.39,57,1,8.05,clear sky
533,Mana,GF,2021-10-22 18:55:11,5.6592,-53.7767,81.54,79,98,9.06,overcast clouds
534,Kavaratti,IN,2021-10-22 18:51:51,10.5669,72.642,81.79,77,23,3.29,few clouds
535,Villa Carlos Paz,AR,2021-10-22 18:55:12,-31.4241,-64.4978,91.06,31,1,11.99,clear sky
536,Kawalu,ID,2021-10-22 18:55:12,-7.3817,108.2082,72.25,98,100,1.12,overcast clouds
537,Rantepao,ID,2021-10-22 18:55:12,-2.9701,119.8978,64.85,92,100,2.91,overcast clouds
538,Lasa,IT,2021-10-22 18:50:59,46.6166,10.7002,50.74,89,30,5.41,scattered clouds
539,Nerchinskiy Zavod,RU,2021-10-22 18:55:13,51.3088,119.61,27.77,91,41,4.85,scattered clouds
540,Buraydah,SA,2021-10-22 18:52:19,26.326,43.975,82.85,29,0,11.61,clear sky
541,Swinoujscie,PL,2021-10-22 18:55:14,53.9105,14.2471,46.49,70,7,26.33,clear sky
542,Ullapool,GB,2021-10-22 18:55:14,57.8987,-5.1604,45.36,80,88,5.68,overcast clouds
543,Gwanda,ZW,2021-10-22 18:55:14,-20.9333,29.0,79.34,33,16,2.82,few clouds
544,Skelleftea,SE,2021-10-22 18:55:15,64.7507,20.9528,30.56,69,90,13.8,snow
545,Nieuw Amsterdam,SR,2021-10-22 18:55:15,5.8833,-55.0833,89.62,68,40,4.61,scattered clouds
546,Yamada,JP,2021-10-22 18:55:16,39.4667,141.95,45.12,79,100,6.38,overcast clouds
547,Shajapur,IN,2021-10-22 18:55:16,23.4333,76.2667,68.32,69,0,6.31,clear sky
548,Deputatskiy,RU,2021-10-22 18:55:16,69.3,139.9,-8.21,99,98,0.83,overcast clouds
549,Taltal,CL,2021-10-22 18:50:20,-25.4,-70.4833,61.09,69,25,7.56,scattered clouds
550,Dubbo,AU,2021-10-22 18:55:17,-32.25,148.6167,57.33,94,0,8.05,clear sky
551,Ewa Beach,US,2021-10-22 18:55:18,21.3156,-158.0072,79.68,73,75,10.0,broken clouds
552,Rocha,UY,2021-10-22 18:55:18,-34.4833,-54.3333,71.44,60,96,7.72,overcast clouds
553,Fare,PF,2021-10-22 18:55:18,-16.7,-151.0167,78.93,80,71,16.73,light rain
554,Sandy Bay,AU,2021-10-22 18:55:19,-42.913,147.3532,57.15,94,90,17.27,moderate rain
555,Bela,IN,2021-10-22 18:55:19,25.9333,81.9833,71.91,60,0,4.85,clear sky
556,Isangel,VU,2021-10-22 18:55:20,-19.55,169.2667,69.91,94,13,2.3,few clouds
557,Kathu,TH,2021-10-22 18:55:20,7.9178,98.3332,81.7,99,94,5.88,overcast clouds
558,Garowe,SO,2021-10-22 18:55:20,8.4054,48.4845,76.93,71,14,16.44,few clouds
559,Kajaani,FI,2021-10-22 18:55:21,64.2273,27.7285,32.05,86,90,17.27,light shower snow
